[
    {
    
        "id":"managingdiabetes",
        "title":"Managing Diabetes",
        "image":"courseButton-managingdiabetes.png",
        "color":"#648338",
        "Chapters":[
            {
                "id":"0",
                "title":"Introduction",
                "content":"<p>This is Introduction. In qui summo eleifend pericula. Ad eos accusam insolens. Populo vocent deterruisset mel in. Sit et similique reprehendunt, eu agam iusto nominati usu, ea duo nemore mollis. No sea dignissim expetendis. Ea mel unum mentitum, malis hendrerit per in, mel apeirian praesent definiebas ne. Aliquip bonorum fierent eos no, te sed noluisse intellegam.</p><p>Sit et similique reprehendunt, eu agam iusto nominati usu, ea duo nemore mollis. No sea dignissim expetendis. Ea mel unum mentitum, malis hendrerit per in, mel apeirian praesent definiebas ne. Aliquip bonorum fierent eos no, te sed noluisse intellegam.</p>"
                
            },
            {
                "id":"1",
                "title":"Understanding Diabetes Part -1",
                "content":"<p>Sea nusquam splendide sententiae an. Usu equidem similique ea, eu vim cotidieque persequeris. Ex novum aliquid ius, id pri epicuri insolens moderatius.</p><p>Pri decore vidisse nostrud ad, te sit tollit dicant essent, eos cu cetero ornatus cotidieque.</p><p>In qui summo eleifend pericula. Ad eos accusam insolens. Populo vocent deterruisset mel in. Sit et similique reprehendunt, eu agam iusto nominati usu, ea duo nemore mollis. No sea dignissim expetendis. Ea mel unum mentitum, malis hendrerit per in, mel apeirian praesent definiebas ne. Aliquip bonorum fierent eos no, te sed noluisse intellegam.</p>"
            },
            {
                "id":"2",
                "title":"Insulin treatment",
                "content":"<p>This is Introduction. In qui summo eleifend pericula. Ad eos accusam insolens. Populo vocent deterruisset mel in. Sit et similique reprehendunt, eu agam iusto nominati usu, ea duo nemore mollis. No sea dignissim expetendis. Ea mel unum mentitum, malis hendrerit per in, mel apeirian praesent definiebas ne. Aliquip bonorum fierent eos no, te sed noluisse intellegam.</p><p>Sit et similique reprehendunt, eu agam iusto nominati usu, ea duo nemore mollis. No sea dignissim expetendis. Ea mel unum mentitum, malis hendrerit per in, mel apeirian praesent definiebas ne. Aliquip bonorum fierent eos no, te sed noluisse intellegam.</p><p>This is Introduction. In qui summo eleifend pericula. Ad eos accusam insolens. Populo vocent deterruisset mel in. Sit et similique reprehendunt, eu agam iusto nominati usu, ea duo nemore mollis. No sea dignissim expetendis. Ea mel unum mentitum, malis hendrerit per in, mel apeirian praesent definiebas ne. Aliquip bonorum fierent eos no, te sed noluisse intellegam.</p><p>Sit et similique reprehendunt, eu agam iusto nominati usu, ea duo nemore mollis. No sea dignissim expetendis. Ea mel unum mentitum, malis hendrerit per in, mel apeirian praesent definiebas ne. Aliquip bonorum fierent eos no, te sed noluisse intellegam.</p>"
            }
            
        ]
        
   },
   
   {
    
        "id":"Knowtype2diabetes",
        "title":"Know Type 2 Diabetes",
        "image":"courseButton-healthyeating.png",
        "color":"#6EC7F0",
        "Chapters":[
            {
                "id":"0",
                "title":"Introduction",
                "content":"<p>This is Introduction Vis ut dolorum ceteros rationibus, has omnis quidam ponderum at. Sed in veniam timeam delenit. Qui suas nobis et, iisque postulant at eum. Nihil imperdiet repudiandae ut per. Mel mazim postulant constituto ad. Vim stet aperiri maiestatis ea. </p><p>Pri decore vidisse nostrud ad, te sit tollit dicant essent, eos cu cetero ornatus cotidieque. In qui summo eleifend pericula. Ad eos accusam insolens. Populo vocent deterruisset mel in. Sit et similique reprehendunt, eu agam iusto nominati usu, ea duo nemore mollis. No sea dignissim expetendis. Ea mel unum mentitum, malis hendrerit per in, mel apeirian praesent definiebas ne. Aliquip bonorum fierent eos no, te sed noluisse intellegam. Eam modus utinam scripserit cu. Sea nusquam splendide sententiae an. Usu equidem similique ea, eu vim cotidieque persequeris. Ex novum aliquid ius, id pri epicuri insolens moderatius.</p>"
                
            },
            {
                "id":"1",
                "title":"Type 2 Diabetes Part -1",
                "content":"<p>Pri decore vidisse nostrud ad, te sit tollit dicant essent, eos cu cetero ornatus cotidieque. In qui summo eleifend pericula. Ad eos accusam insolens. Populo vocent deterruisset mel in. Sit et similique reprehendunt, eu agam iusto nominati usu, ea duo nemore mollis. No sea dignissim expetendis. Ea mel unum mentitum, malis hendrerit per in, mel apeirian praesent definiebas ne. Aliquip bonorum fierent eos no, te sed noluisse intellegam. Eam modus utinam scripserit cu. Sea nusquam splendide sententiae an. Usu equidem similique ea, eu vim cotidieque persequeris. Ex novum aliquid ius, id pri epicuri insolens moderatius.</p>"
            },
            {
                "id":"2",
                "title":"Health Problems in Diabetes",
                "content":"<p>Iisque postulant at eum. Nihil imperdiet repudiandae ut per. Mel mazim postulant constituto ad. Vim stet aperiri maiestatis ea.</p><p>Aliquip bonorum fierent eos no, te sed noluisse intellegam. Eam modus utinam scripserit cu. Sea nusquam splendide sententiae an. Usu equidem similique ea, eu vim cotidieque persequeris. Ex novum aliquid ius, id pri epicuri insolens moderatius.</p>"
            },
            {
                "id":"3",
                "title":"Curring Diabetes",
                "content":"<p>Aliquip bonorum fierent eos no, te sed noluisse intellegam. Eam modus utinam scripserit cu. Sea nusquam splendide sententiae an. Usu equidem similique ea, eu vim cotidieque persequeris. Ex novum aliquid ius, id pri epicuri insolens moderatius.</p><p>mel apeirian praesent definiebas ne. Aliquip bonorum fierent eos no, te sed noluisse intellegam. Eam modus utinam scripserit cu. Sea nusquam splendide sententiae an. Usu equidem similique ea, eu vim cotidieque persequeris. Ex novum aliquid ius, id pri epicuri insolens moderatius.</p><p>Sea nusquam splendide sententiae an. Usu equidem similique ea, eu vim cotidieque persequeris. Ex novum aliquid ius, id pri epicuri insolens moderatius.</p>"
            }
            
        ]
        
   },
   
    {
    
        "id":"monitoringyourbloodglucose",
        "title":"Monitoring Your Blood Glucose",
        "image":"courseButton-bloodglucose.png",
        "color":"#F13D12",
        "Chapters":[
            {
                "id":"0",
                "title":"Introduction",
                "content":"<p>Sea nusquam splendide sententiae an. Usu equidem similique ea, eu vim cotidieque persequeris. Ex novum aliquid ius, id pri epicuri insolens moderatius.</p><p>Pri decore vidisse nostrud ad, te sit tollit dicant essent, eos cu cetero ornatus cotidieque. In qui summo eleifend pericula. Ad eos accusam insolens. Populo vocent deterruisset mel in. Sit et similique reprehendunt, eu agam iusto nominati usu, ea duo nemore mollis. No sea dignissim expetendis. Ea mel unum mentitum, malis hendrerit per in, mel apeirian praesent definiebas ne.</p>"
                
            },
            {
                "id":"1",
                "title":"Blood Gluccose",
                "content":"<p>Sea nusquam splendide sententiae an. Usu equidem similique ea, eu vim cotidieque persequeris. Ex novum aliquid ius, id pri epicuri insolens moderatius.</p><p><p>Sea nusquam splendide sententiae an. Usu equidem similique ea, eu vim cotidieque persequeris. Ex novum aliquid ius, id pri epicuri insolens moderatius.</p>"
            },
            {
                "id":"2",
                "title":"Treatment for Blood Gluccose",
                "content":"<p>Sea nusquam splendide sententiae an. Usu equidem similique ea, eu vim cotidieque persequeris. Ex novum aliquid ius, id pri epicuri insolens moderatius.</p><p><p>Sea nusquam splendide sententiae an. Usu equidem similique ea, eu vim cotidieque persequeris. Ex novum aliquid ius, id pri epicuri insolens moderatius.</p>"
            },
            {
                "id":"3",
                "title":"Excess in Blood Gluccose",
                "content":"<p>Sea nusquam splendide sententiae an. Usu equidem similique ea, eu vim cotidieque persequeris. Ex novum aliquid ius, id pri epicuri insolens moderatius.</p><p><p>Sea nusquam splendide sententiae an. Usu equidem similique ea, eu vim cotidieque persequeris. Ex novum aliquid ius, id pri epicuri insolens moderatius.</p><p>Sea nusquam splendide sententiae an. Usu equidem similique ea, eu vim cotidieque persequeris. Ex novum aliquid ius, id pri epicuri insolens moderatius.</p><p>Pri decore vidisse nostrud ad, te sit tollit dicant essent, eos cu cetero ornatus cotidieque.</p>"
            }
            
        ]
        
   }
]