[
	{
		"employee": [

			{
				"firstName": "Jony",
				"lastName": "Sangle",
				"address": "Mumbai",
				"mobileNo": "78787878"
			}, {
				"firstName": "Tony",
				"lastName": "Sangle",
				"address": "Pune",
				"mobileNo": "78787878"
			}, {
				"firstName": "Mony",
				"lastName": "Sangle",
				"address": "Nashik",
				"mobileNo": "78787878"
			}, {
				"firstName": "Sony",
				"lastName": "Sangle",
				"address": "Satara",
				"mobileNo": "78787878"
			}, {
				"firstName": "Pony",
				"lastName": "Sangle",
				"address": "Sangli",
				"mobileNo": "78787878"
			}

		]

	}
]